﻿<?xml version='1.0' encoding='UTF-8'?>
<!-- Generated by LavishSettings v2 -->
<InnerSpaceSettings>
	<Set Name="Profiles">
		<Setting Name="DefaultProfiles">Jiimbo_Coe_ROR</Setting>
		<Set Name="Jiimbo_Coe_ROR">
			<Set Name="Settings">
				<Setting Name="checkbox_settings_forcenamedcatab">TRUE</Setting>
				<Setting Name="checkbox_settings_facenpc">TRUE</Setting>
				<Setting Name="checkbox_settings_rangedattack">FALSE</Setting>
				<Setting Name="checkbox_settings_meleeattack">TRUE</Setting>
				<Setting Name="checkbox_settings_movemelee">FALSE</Setting>
				<Setting Name="checkbox_settings_movebehind">FALSE</Setting>
				<Setting Name="checkbox_settings_turnoffattack">TRUE</Setting>
				<Setting Name="checkbox_settings_ignoretargettoattackhealthcheck">TRUE</Setting>
				<Setting Name="checkbox_settings_acceptloot">TRUE</Setting>
				<Setting Name="checkbox_settings_movetoarea">TRUE</Setting>
				<Setting Name="checkbox_settings_acceptinvites">TRUE</Setting>
				<Setting Name="checkbox_settings_doho">FALSE</Setting>
				<Setting Name="checkbox_settings_acceptres">TRUE</Setting>
				<Setting Name="checkbox_settings_mobpriestinfo">FALSE</Setting>
				<Setting Name="checkbox_settings_assist">TRUE</Setting>
				<Setting Name="checkbox_settings_autofollow">FALSE</Setting>
				<Setting Name="checkbox_settings_enableannouncetab">TRUE</Setting>
				<Setting Name="checkbox_settings_enablealiases">TRUE</Setting>
				<Setting Name="checkbox_settings_raidoptions">TRUE</Setting>
				<Setting Name="checkbox_settings_grindoptions">TRUE</Setting>
				<Setting Name="checkbox_settings_acceptdungeonfinderisready">TRUE</Setting>
				<Setting Name="checkbox_settings_enableitemsinabilitylists">TRUE</Setting>
				<Setting Name="checkbox_settings_cancelinvisaftercombat">TRUE</Setting>
				<Setting Name="checkbox_settings_enablepetsindropdowns">TRUE</Setting>
				<Setting Name="checkbox_settings_encountersmartnukes">TRUE</Setting>
				<Setting Name="checkbox_settings_aesmartnukes">TRUE</Setting>
				<Setting Name="checkbox_settings_disablecaststack_namedca">FALSE</Setting>
				<Setting Name="checkbox_settings_autospend_deitypoints">TRUE</Setting>
				<Setting Name="checkbox_settings_autocomplete_ascensioncombos">FALSE</Setting>
				<Setting Name="checkbox_settings_handle_hq_earring">FALSE</Setting>
				<Setting Name="checkbox_settings_summon_familiar">TRUE</Setting>
				<Setting Name="checkbox_settings_autospend_skipstamina">TRUE</Setting>
				<Setting Name="checkbox_settings_autospend_skippotency">TRUE</Setting>
				<Setting Name="checkbox_settings_ascension_embargo_and_combos">FALSE</Setting>
				<Setting Name="checkbox_settings_acceptnochoicerewards">TRUE</Setting>
				<Setting Name="checkbox_settings_autotargetwhenhated">TRUE</Setting>
				<Setting Name="checkbox_settings_enable_abilityrotate">TRUE</Setting>
				<Setting Name="checkbox_settings_loot">FALSE</Setting>
				<Setting Name="checkbox_settings_accept_zonein_confirmation">TRUE</Setting>
				<Setting Name="checkbox_settings_enablequestcompare">FALSE</Setting>
				<Setting Name="checkbox_settings_skipcutscenes">TRUE</Setting>
				<Setting Name="checkbox_settings_acceptraidreadychecks">TRUE</Setting>
				<Setting Name="checkbox_settings_ignoremovetoattackhealthcheck">TRUE</Setting>
				<Setting Name="checkbox_settings_globally_mute_abilityrotation">TRUE</Setting>
				<Setting Name="checkbox_settings_auto_use_temporary_mount_reduction">TRUE</Setting>
				<Setting Name="checkbox_settings_auto_use_temporary_research_reduction">TRUE</Setting>
				<Setting Name="checkbox_settings_auto_use_temporary_familiar_experience">TRUE</Setting>
				<Setting Name="checkbox_settings_crowdcontrol">FALSE</Setting>
				<Setting Name="checkbox_settings_disableabilitycollisionchecks">FALSE</Setting>
				<Setting Name="checkbox_settings_consumeitems">TRUE</Setting>
				<Setting Name="checkbox_settings_dov_raid_debuff">FALSE</Setting>
				<Setting Name="checkbox_settings_dov_raid_debuff_allow_moving">FALSE</Setting>
				<Setting Name="checkbox_settings_enable_itemrotate">TRUE</Setting>
				<Setting Name="checkbox_settings_disable_dbc_claim">TRUE</Setting>
				<Setting Name="checkbox_settings_enable_tag_embargo">TRUE</Setting>
				<Setting Name="checkbox_settings_enable_tag_allow">TRUE</Setting>
				<Setting Name="checkbox_settings_no_overseer">TRUE</Setting>
				<Setting Name="checkbox_settings_cancelabilitiestogroupcure">TRUE</Setting>
				<Setting Name="checkbox_settings_disablecaststack_buffs">FALSE</Setting>
				<Setting Name="checkbox_settings_disablecaststack_cure">FALSE</Setting>
				<Setting Name="checkbox_settings_disablecaststack_items">FALSE</Setting>
				<Setting Name="checkbox_settings_donotsendpettoattack">FALSE</Setting>
				<Setting Name="checkbox_settings_disablecaststack_combat">FALSE</Setting>
				<Setting Name="checkbox_settings_disablecaststack_ca">FALSE</Setting>
				<Setting Name="checkbox_settings_disablecaststack_curecurse">FALSE</Setting>
				<Setting Name="checkbox_settings_npc_cast_monitoring">TRUE</Setting>
				<Setting Name="checkbox_settings_disablecaststack">FALSE</Setting>
				<Setting Name="checkbox_settings_enable_chatevents">TRUE</Setting>
				<Setting Name="checkbox_settings_enable_spawnevents">TRUE</Setting>
				<Setting Name="checkbox_settings_ho_wheel">FALSE</Setting>
				<Setting Name="checkbox_settings_ho_start">FALSE</Setting>
				<Setting Name="checkbox_settings_ho_starter">FALSE</Setting>
				<Setting Name="checkbox_settings_castwhilemoving">TRUE</Setting>
				<Setting Name="checkbox_settings_ability_tracker">TRUE</Setting>
				<Setting Name="checkbox_settings_nodispels">FALSE</Setting>
				<Setting Name="checkbox_settings_nofears">FALSE</Setting>
				<Setting Name="checkbox_settings_nostuns">FALSE</Setting>
				<Setting Name="checkbox_settings_nointerrupts">FALSE</Setting>
				<Setting Name="checkbox_settings_nostifles">FALSE</Setting>
				<Setting Name="checkbox_settings_nodazes">FALSE</Setting>
				<Setting Name="checkbox_settings_show_surge_messages">TRUE</Setting>
			</Set>
			<Set Name="Setup">
				<Setting Name="textentry_setup_percenttoattack">99</Setting>
				<Setting Name="textentry_setup_moveintoattackrangehealthpercent">99</Setting>
				<Setting Name="textentry_setup_petpercenttoattack">99</Setting>
				<Setting Name="textentry_setup_powertousecas">0</Setting>
				<Setting Name="textentry_setup_healthtousecas">0</Setting>
				<Setting Name="textentry_setup_reswaittimer">5</Setting>
				<Setting Name="textentry_setup_pbaetargets">2</Setting>
				<Setting Name="textentry_setup_encountertargets">3</Setting>
				<Setting Name="textentry_setup_moveintomeleerangemaxdistance">100</Setting>
				<Setting Name="combobox_setup_autofollowname">@Tank</Setting>
				<Setting Name="textentry_setup_autofollowmaxdistance">50</Setting>
				<Setting Name="checkbox_setup_broadcasttellstouplink">TRUE</Setting>
				<Setting Name="checkbox_setup_broadcastguildtouplink">FALSE</Setting>
				<Setting Name="textentry_setup_turbo">100</Setting>
			</Set>
			<Set Name="CastStack">
				<Set Name="1">
					<Setting Name="__IsItem">TRUE</Setting>
					<Setting Name="__ItemName">_EQUIPPED_Head_03</Setting>
					<Setting Name="__SourceName">Item:_EQUIPPED_Head_03</Setting>
					<Setting Name="ETag">Torment</Setting>
					<Setting Name="N_HP&gt;">99</Setting>
					<Setting Name="RIE">TRUE</Setting>
					<Setting Name="Type">NamedCA</Setting>
				</Set>
				<Set Name="2">
					<Setting Name="__SourceName">Touch of Empathy</Setting>
					<Setting Name="ID">TRUE</Setting>
					<Setting Name="Target">@DPS1</Setting>
					<Setting Name="Type">Combat</Setting>
				</Set>
				<Set Name="3">
					<Setting Name="%">100</Setting>
					<Setting Name="__SourceName">Elemental Channeling</Setting>
					<Setting Name="ATag">PreCastTag</Setting>
					<Setting Name="AType">Listen Only</Setting>
					<Setting Name="Named">TRUE</Setting>
					<Setting Name="Type">Heal</Setting>
				</Set>
				<Set Name="4">
					<Setting Name="%">100</Setting>
					<Setting Name="__SourceName">Elemental Overlord</Setting>
					<Setting Name="ATag">PreCastTag</Setting>
					<Setting Name="AType">Listen Only</Setting>
					<Setting Name="Named">TRUE</Setting>
					<Setting Name="Type">Heal</Setting>
				</Set>
				<Set Name="5">
					<Setting Name="#">1</Setting>
					<Setting Name="%">100</Setting>
					<Setting Name="__SourceName">Aura of Power</Setting>
					<Setting Name="ATag">PreCastTag</Setting>
					<Setting Name="AType">Listen Only</Setting>
					<Setting Name="Named">TRUE</Setting>
					<Setting Name="Target">@Tank</Setting>
					<Setting Name="Type">Heal</Setting>
				</Set>
				<Set Name="6">
					<Setting Name="%">100</Setting>
					<Setting Name="__IsItem">TRUE</Setting>
					<Setting Name="__ItemName">_EQUIPPED_Neck_14</Setting>
					<Setting Name="__SourceName">Item:_EQUIPPED_Neck_14</Setting>
					<Setting Name="ATag">PreCastTag</Setting>
					<Setting Name="AType">Listen Only</Setting>
					<Setting Name="Named">TRUE</Setting>
					<Setting Name="Target">@Me</Setting>
					<Setting Name="Type">Heal</Setting>
				</Set>
				<Set Name="7">
					<Setting Name="%">100</Setting>
					<Setting Name="__SourceName">Lethal Focus</Setting>
					<Setting Name="ATag">PreCastTag</Setting>
					<Setting Name="AType">Listen Only</Setting>
					<Setting Name="Named">TRUE</Setting>
					<Setting Name="Target">@DPS1</Setting>
					<Setting Name="Type">Heal</Setting>
				</Set>
				<Set Name="8">
					<Setting Name="__SourceName">--------------------------------------------------------------------------------------------------------------</Setting>
					<Setting Name="Type">Buff</Setting>
				</Set>
				<Set Name="9">
					<Setting Name="__SourceName">Lethal Focus</Setting>
					<Setting Name="ID">TRUE</Setting>
					<Setting Name="Target">@DPS1</Setting>
					<Setting Name="Type">Combat</Setting>
				</Set>
				<Set Name="10">
					<Setting Name="__IsItem">TRUE</Setting>
					<Setting Name="__ItemName">_EQUIPPED_Left Charm_21</Setting>
					<Setting Name="__SourceName">Item:_EQUIPPED_Left Charm_21</Setting>
					<Setting Name="Named">TRUE</Setting>
					<Setting Name="Target">@Tank</Setting>
					<Setting Name="Type">Combat</Setting>
				</Set>
				<Set Name="11">
					<Setting Name="__SourceName">Sever Hate</Setting>
					<Setting Name="Target">@DPS1</Setting>
					<Setting Name="Type">Combat</Setting>
				</Set>
				<Set Name="12">
					<Setting Name="__SourceName">Temporal Mimicry</Setting>
					<Setting Name="ID">TRUE</Setting>
					<Setting Name="Target">@DPS1</Setting>
					<Setting Name="Type">Combat</Setting>
				</Set>
				<Set Name="13">
					<Setting Name="__SourceName">------------------------POWER-FEED------------------------------------------------------------------------------------</Setting>
					<Setting Name="Type">Buff</Setting>
				</Set>
				<Set Name="14">
					<Setting Name="#">1</Setting>
					<Setting Name="%">30</Setting>
					<Setting Name="__SourceName">Foretold Prophecy</Setting>
					<Setting Name="ID">TRUE</Setting>
					<Setting Name="Target">@Group</Setting>
					<Setting Name="Type">PowerHeal</Setting>
				</Set>
				<Set Name="15">
					<Setting Name="#">1</Setting>
					<Setting Name="%">36</Setting>
					<Setting Name="__SourceName">Manasoul</Setting>
					<Setting Name="ID">TRUE</Setting>
					<Setting Name="Target">@Group</Setting>
					<Setting Name="Type">PowerHeal</Setting>
				</Set>
				<Set Name="16">
					<Setting Name="#">1</Setting>
					<Setting Name="%">70</Setting>
					<Setting Name="__SourceName">Ether Balance</Setting>
					<Setting Name="ID">TRUE</Setting>
					<Setting Name="Target">@Group</Setting>
					<Setting Name="Type">PowerHeal</Setting>
				</Set>
				<Set Name="17">
					<Setting Name="#">2</Setting>
					<Setting Name="%">25</Setting>
					<Setting Name="__SourceName">Channel</Setting>
					<Setting Name="Target">@Group</Setting>
					<Setting Name="Type">PowerHeal</Setting>
				</Set>
				<Set Name="18">
					<Setting Name="#">2</Setting>
					<Setting Name="%">60</Setting>
					<Setting Name="__SourceName">Aura of Power</Setting>
					<Setting Name="Target">@Me</Setting>
					<Setting Name="Type">PowerHeal</Setting>
				</Set>
				<Set Name="19">
					<Setting Name="%">90</Setting>
					<Setting Name="__SourceName">Mana Flow</Setting>
					<Setting Name="ID">TRUE</Setting>
					<Setting Name="Target">@Group</Setting>
					<Setting Name="Type">PowerHeal</Setting>
				</Set>
				<Set Name="20">
					<Setting Name="__SourceName">-----------------------------------------------------------------------------------------------------------------</Setting>
					<Setting Name="Type">Buff</Setting>
				</Set>
				<Set Name="21">
					<Setting Name="__SourceName">Mind Control</Setting>
					<Setting Name="ID">TRUE</Setting>
					<Setting Name="Target">@DPS1</Setting>
					<Setting Name="Type">Combat</Setting>
				</Set>
				<Set Name="22">
					<Setting Name="__SourceName">Cannibalize Thoughts</Setting>
					<Setting Name="ID">TRUE</Setting>
					<Setting Name="Tag">toggle for power</Setting>
					<Setting Name="Type">NamedCA</Setting>
				</Set>
				<Set Name="23">
					<Setting Name="__SourceName">Intellectual Remedy</Setting>
					<Setting Name="ID">TRUE</Setting>
					<Setting Name="Target">@Me</Setting>
					<Setting Name="Type">Combat</Setting>
				</Set>
				<Set Name="24">
					<Setting Name="__SourceName">------------------------INTERRUPTS------------------------------------------------------------------------------------</Setting>
					<Setting Name="Type">Buff</Setting>
				</Set>
				<Set Name="25">
					<Setting Name="__Disabled">TRUE</Setting>
					<Setting Name="__SourceName">Hemorrhage</Setting>
					<Setting Name="Tag">interrupt</Setting>
					<Setting Name="Type">NamedCA</Setting>
				</Set>
				<Set Name="26">
					<Setting Name="__Disabled">TRUE</Setting>
					<Setting Name="__SourceName">Spellblade's Counter</Setting>
					<Setting Name="Tag">interupt</Setting>
					<Setting Name="Type">NamedCA</Setting>
				</Set>
				<Set Name="27">
					<Setting Name="__SourceName">------------------------IN-COMBAT-BUFFS------------------------------------------------------------------------------------</Setting>
					<Setting Name="Type">Buff</Setting>
				</Set>
				<Set Name="28">
					<Setting Name="__SourceName">Channeled Focus</Setting>
					<Setting Name="ID">TRUE</Setting>
					<Setting Name="Type">NamedCA</Setting>
				</Set>
				<Set Name="29">
					<Setting Name="__SourceName">Daydream</Setting>
					<Setting Name="ID">TRUE</Setting>
					<Setting Name="Type">NamedCA</Setting>
				</Set>
				<Set Name="30">
					<Setting Name="__SourceName">Brainshock</Setting>
					<Setting Name="Type">NamedCA</Setting>
				</Set>
				<Set Name="31">
					<Setting Name="__SourceName">-----------------------AE-DPS------------------------------------------------------------------------------------</Setting>
					<Setting Name="Type">Buff</Setting>
				</Set>
				<Set Name="32">
					<Setting Name="#">2</Setting>
					<Setting Name="__SourceName">Id Explosion</Setting>
					<Setting Name="ID">TRUE</Setting>
					<Setting Name="Type">CA</Setting>
				</Set>
				<Set Name="33">
					<Setting Name="#">2</Setting>
					<Setting Name="__SourceName">Blinding Shock</Setting>
					<Setting Name="Type">CA</Setting>
				</Set>
				<Set Name="34">
					<Setting Name="#">2</Setting>
					<Setting Name="__SourceName">Unda Arcanus Spiritus</Setting>
					<Setting Name="Type">CA</Setting>
				</Set>
				<Set Name="35">
					<Setting Name="#">2</Setting>
					<Setting Name="__SourceName">Dominion of Fire</Setting>
					<Setting Name="ID">TRUE</Setting>
					<Setting Name="Type">CA</Setting>
				</Set>
				<Set Name="36">
					<Setting Name="#">2</Setting>
					<Setting Name="__SourceName">Shock Wave</Setting>
					<Setting Name="ID">TRUE</Setting>
					<Setting Name="Type">CA</Setting>
				</Set>
				<Set Name="37">
					<Setting Name="#">2</Setting>
					<Setting Name="__SourceName">Stupefy</Setting>
					<Setting Name="ID">TRUE</Setting>
					<Setting Name="Type">CA</Setting>
				</Set>
				<Set Name="38">
					<Setting Name="#">2</Setting>
					<Setting Name="__SourceName">Ego Shock</Setting>
					<Setting Name="ID">TRUE</Setting>
					<Setting Name="Type">CA</Setting>
				</Set>
				<Set Name="39">
					<Setting Name="__SourceName">------------------------NAMED-DEBUFF-------------------------------------------------------------------------</Setting>
					<Setting Name="Type">Buff</Setting>
				</Set>
				<Set Name="40">
					<Setting Name="__IsItem">TRUE</Setting>
					<Setting Name="__ItemName">_EQUIPPED_Neck_14</Setting>
					<Setting Name="__SourceName">Item:_EQUIPPED_Neck_14</Setting>
					<Setting Name="Named">TRUE</Setting>
					<Setting Name="Target">@Tank</Setting>
					<Setting Name="Type">Combat</Setting>
				</Set>
				<Set Name="41">
					<Setting Name="__SourceName">Mastermind</Setting>
					<Setting Name="ID">TRUE</Setting>
					<Setting Name="Type">Combat</Setting>
				</Set>
				<Set Name="42">
					<Setting Name="__SourceName">Asylum</Setting>
					<Setting Name="Type">NamedCA</Setting>
				</Set>
				<Set Name="43">
					<Setting Name="__SourceName">Tashiana</Setting>
					<Setting Name="ID">TRUE</Setting>
					<Setting Name="Type">NamedCA</Setting>
				</Set>
				<Set Name="44">
					<Setting Name="__SourceName">Obliterated Psyche</Setting>
					<Setting Name="Type">NamedCA</Setting>
				</Set>
				<Set Name="45">
					<Setting Name="__SourceName">Puppetmaster</Setting>
					<Setting Name="ID">TRUE</Setting>
					<Setting Name="Type">NamedCA</Setting>
				</Set>
				<Set Name="46">
					<Setting Name="#">1</Setting>
					<Setting Name="__SourceName">Id Explosion</Setting>
					<Setting Name="ID">TRUE</Setting>
					<Setting Name="Type">NamedCA</Setting>
				</Set>
				<Set Name="47">
					<Setting Name="__SourceName">Brittle Armor</Setting>
					<Setting Name="ID">TRUE</Setting>
					<Setting Name="Type">NamedCA</Setting>
				</Set>
				<Set Name="48">
					<Setting Name="#">1</Setting>
					<Setting Name="__SourceName">Dominion of Fire</Setting>
					<Setting Name="ID">TRUE</Setting>
					<Setting Name="Type">NamedCA</Setting>
				</Set>
				<Set Name="49">
					<Setting Name="__SourceName">Nullifying Staff</Setting>
					<Setting Name="ID">TRUE</Setting>
					<Setting Name="Type">NamedCA</Setting>
				</Set>
				<Set Name="50">
					<Setting Name="__SourceName">--------------------------------------------------------------------------------------------------------------</Setting>
					<Setting Name="Type">Buff</Setting>
				</Set>
				<Set Name="51">
					<Setting Name="__SourceName">Peace of Mind</Setting>
					<Setting Name="ID">TRUE</Setting>
					<Setting Name="Target">@Me</Setting>
					<Setting Name="Type">Combat</Setting>
				</Set>
				<Set Name="52">
					<Setting Name="__IsItem">TRUE</Setting>
					<Setting Name="__ItemName">_EQUIPPED_Left Charm_21</Setting>
					<Setting Name="__SourceName">Item:_EQUIPPED_Left Charm_21</Setting>
					<Setting Name="Named">TRUE</Setting>
					<Setting Name="Target">@Tank</Setting>
					<Setting Name="Type">Combat</Setting>
				</Set>
				<Set Name="53">
					<Setting Name="__SourceName">------------------------DPS------------------------------------------------------------------------------------</Setting>
					<Setting Name="Type">Buff</Setting>
				</Set>
				<Set Name="54">
					<Setting Name="__SourceName">Psychic Trauma</Setting>
					<Setting Name="ID">TRUE</Setting>
					<Setting Name="Type">NamedCA</Setting>
				</Set>
				<Set Name="55">
					<Setting Name="__SourceName">Mindbend</Setting>
					<Setting Name="Type">CA</Setting>
				</Set>
				<Set Name="56">
					<Setting Name="__SourceName">Hostage</Setting>
					<Setting Name="Type">CA</Setting>
				</Set>
				<Set Name="57">
					<Setting Name="__SourceName">Spell Curse</Setting>
					<Setting Name="IE">TRUE</Setting>
					<Setting Name="Type">CA</Setting>
				</Set>
				<Set Name="58">
					<Setting Name="#">1</Setting>
					<Setting Name="__SourceName">Shock Wave</Setting>
					<Setting Name="Type">CA</Setting>
				</Set>
				<Set Name="59">
					<Setting Name="#">1</Setting>
					<Setting Name="__SourceName">Stupefy</Setting>
					<Setting Name="Type">CA</Setting>
				</Set>
				<Set Name="60">
					<Setting Name="#">1</Setting>
					<Setting Name="__SourceName">Unda Arcanus Spiritus</Setting>
					<Setting Name="Type">CA</Setting>
				</Set>
				<Set Name="61">
					<Setting Name="#">1</Setting>
					<Setting Name="__SourceName">Simple Minds</Setting>
					<Setting Name="ID">TRUE</Setting>
					<Setting Name="Type">CA</Setting>
				</Set>
				<Set Name="62">
					<Setting Name="#">1</Setting>
					<Setting Name="__SourceName">Shock Wave</Setting>
					<Setting Name="Type">CA</Setting>
				</Set>
				<Set Name="63">
					<Setting Name="#">1</Setting>
					<Setting Name="__SourceName">Ego Shock</Setting>
					<Setting Name="Type">CA</Setting>
				</Set>
				<Set Name="64">
					<Setting Name="__SourceName">Medusa Gaze</Setting>
					<Setting Name="Type">CA</Setting>
				</Set>
				<Set Name="65">
					<Setting Name="__SourceName">------------------------BUFFS------------------------------------------------------------------------------------</Setting>
					<Setting Name="Type">Buff</Setting>
				</Set>
				<Set Name="66">
					<Setting Name="__SourceName">Breeze</Setting>
					<Setting Name="Type">Buff</Setting>
				</Set>
				<Set Name="67">
					<Setting Name="__SourceName">Charged Warding</Setting>
					<Setting Name="Type">Buff</Setting>
				</Set>
				<Set Name="68">
					<Setting Name="__Disabled">TRUE</Setting>
					<Setting Name="__SourceName">Coerced Intensity</Setting>
					<Setting Name="Type">Buff</Setting>
				</Set>
				<Set Name="69">
					<Setting Name="__SourceName">Elemental Avatar</Setting>
					<Setting Name="Type">Buff</Setting>
				</Set>
				<Set Name="70">
					<Setting Name="__SourceName">Enchanted Vigor</Setting>
					<Setting Name="Target">@DPS1</Setting>
					<Setting Name="Type">Buff</Setting>
				</Set>
				<Set Name="71">
					<Setting Name="__SourceName">Empathic Aura</Setting>
					<Setting Name="Type">Buff</Setting>
				</Set>
				<Set Name="72">
					<Setting Name="__SourceName">Empathic Breeze</Setting>
					<Setting Name="Type">Buff</Setting>
				</Set>
				<Set Name="73">
					<Setting Name="__SourceName">Coercive Healing</Setting>
					<Setting Name="Target">@Healer1</Setting>
					<Setting Name="Type">Buff</Setting>
				</Set>
				<Set Name="74">
					<Setting Name="__SourceName">Enraging Demeanor</Setting>
					<Setting Name="Target">@Tank</Setting>
					<Setting Name="Type">Buff</Setting>
				</Set>
				<Set Name="75">
					<Setting Name="__SourceName">Guild Buff</Setting>
					<Setting Name="Type">NonCombatBuff</Setting>
				</Set>
				<Set Name="76">
					<Setting Name="__SourceName">Intrinsic Nature</Setting>
					<Setting Name="Type">Buff</Setting>
				</Set>
				<Set Name="77">
					<Setting Name="__SourceName">Peaceful Link</Setting>
					<Setting Name="Target">@DPS1</Setting>
					<Setting Name="Type">Buff</Setting>
				</Set>
				<Set Name="78">
					<Setting Name="__SourceName">Magi's Shielding</Setting>
					<Setting Name="Type">Buff</Setting>
				</Set>
				<Set Name="79">
					<Setting Name="__SourceName">Monolithic Mercenary Infusion</Setting>
					<Setting Name="Type">Buff</Setting>
				</Set>
				<Set Name="80">
					<Setting Name="__SourceName">Jubilant Familiar Infusion</Setting>
					<Setting Name="Type">Buff</Setting>
				</Set>
				<Set Name="81">
					<Setting Name="__SourceName">Mind's Eye</Setting>
					<Setting Name="Type">Buff</Setting>
				</Set>
				<Set Name="82">
					<Setting Name="__SourceName">Possess Essence</Setting>
					<Setting Name="Target">@Healer1</Setting>
					<Setting Name="Type">Buff</Setting>
				</Set>
				<Set Name="83">
					<Setting Name="__SourceName">Power of Mind</Setting>
					<Setting Name="Type">Buff</Setting>
				</Set>
				<Set Name="84">
					<Setting Name="__SourceName">Siren's Stare</Setting>
					<Setting Name="Target">@Tank</Setting>
					<Setting Name="Type">Buff</Setting>
				</Set>
				<Set Name="85">
					<Setting Name="__SourceName">Shrink Servant</Setting>
					<Setting Name="Type">NonCombatBuff</Setting>
				</Set>
				<Set Name="86">
					<Setting Name="__SourceName">Signet of Intellect</Setting>
					<Setting Name="Type">Buff</Setting>
				</Set>
				<Set Name="87">
					<Setting Name="__SourceName">Siren's Gift</Setting>
					<Setting Name="Type">Buff</Setting>
				</Set>
				<Set Name="88">
					<Setting Name="__SourceName">Scaled Protection</Setting>
					<Setting Name="Type">Buff</Setting>
				</Set>
				<Set Name="89">
					<Setting Name="__SourceName">Tolan's Darkwood Mount Infusion</Setting>
					<Setting Name="Type">Buff</Setting>
				</Set>
				<Set Name="90">
					<Setting Name="__SourceName">Renewal of Ro: Domination</Setting>
					<Setting Name="Type">Buff</Setting>
				</Set>
				<Set Name="91">
					<Setting Name="__SourceName">Takish'Hiz Peafowl</Setting>
					<Setting Name="Type">Buff</Setting>
				</Set>
				<Set Name="92">
					<Setting Name="__SourceName">Undeath</Setting>
					<Setting Name="Type">Buff</Setting>
				</Set>
				<Set Name="93">
					<Setting Name="__SourceName">--------------------------------------------------------------------------------------------------------------</Setting>
					<Setting Name="Type">Buff</Setting>
				</Set>
			</Set>
			<Set Name="AbilityRotation">
				<Set Name="1">
					<Setting Name="__SourceName">Glacial Freeze</Setting>
					<Setting Name="I">TRUE</Setting>
					<Setting Name="IRC">TRUE</Setting>
				</Set>
				<Set Name="2">
					<Setting Name="__SourceName">Intellectual Remedy</Setting>
					<Setting Name="IRC">TRUE</Setting>
				</Set>
				<Set Name="3">
					<Setting Name="__SourceName">Brittle Armor</Setting>
					<Setting Name="IRC">TRUE</Setting>
				</Set>
			</Set>
			<Set Name="ItemRotation">
				<Set Name="1">
					<Setting Name="__IsItem">TRUE</Setting>
					<Setting Name="__ItemName">Scepter of Shadows</Setting>
					<Setting Name="__SourceName">Item:Scepter of Shadows</Setting>
					<Setting Name="Dur">25</Setting>
					<Setting Name="I">TRUE</Setting>
					<Setting Name="IRC">TRUE</Setting>
				</Set>
			</Set>
			<Set Name="Assist">
				<Set Name="1">
					<Setting Name="__SourceName">@Tank</Setting>
				</Set>
			</Set>
			<Set Name="Precast">
				<Set Name="1">
					<Setting Name="__SourceName">Lethal Focus</Setting>
					<Setting Name="On">Temporal Mimicry</Setting>
				</Set>
				<Set Name="2">
					<Setting Name="__SourceName">Sever Hate</Setting>
					<Setting Name="On">Manaward</Setting>
				</Set>
				<Set Name="3">
					<Setting Name="__SourceName">Manaward</Setting>
					<Setting Name="On">Lethal Focus</Setting>
				</Set>
			</Set>
			<Set Name="Postcast">
				<Set Name="1">
					<Setting Name="__SourceName">Stupefy</Setting>
					<Setting Name="After">Shock Wave</Setting>
				</Set>
			</Set>
			<Set Name="Loot">
				<Setting Name="checkbox_loot_ffaaccept">TRUE</Setting>
				<Setting Name="checkbox_loot_lottodecline">FALSE</Setting>
				<Setting Name="checkbox_loot_nbgdecline">FALSE</Setting>
				<Setting Name="checkbox_loot_confirmnotrade">TRUE</Setting>
				<Setting Name="checkbox_loot_unpackwarrunes">TRUE</Setting>
				<Setting Name="checkbox_loot_unpackdraconicphylactery">TRUE</Setting>
				<Setting Name="checkbox_loot_lottoaccept">TRUE</Setting>
				<Setting Name="checkbox_loot_nbggreed">TRUE</Setting>
				<Setting Name="checkbox_loot_lo_adepts">TRUE</Setting>
				<Setting Name="checkbox_loot_lo_enable">TRUE</Setting>
				<Setting Name="checkbox_loot_lo_masters">TRUE</Setting>
				<Setting Name="checkbox_loot_lo_ancients">TRUE</Setting>
				<Setting Name="checkbox_loot_lo_illegiblescrolls">TRUE</Setting>
				<Setting Name="checkbox_loot_lo_loottradables">TRUE</Setting>
				<Setting Name="checkbox_loot_lo_looteverything">TRUE</Setting>
				<Setting Name="checkbox_loot_unpackstatusbag">TRUE</Setting>
				<Setting Name="checkbox_loot_ffalooteverything">TRUE</Setting>
			</Set>
			<Set Name="OSA">
				<Setting Name="slider_osa_radius">149</Setting>
				<Setting Name="textentry_osa_radius">149</Setting>
				<Setting Name="checkbox_osa_targetsonly">TRUE</Setting>
			</Set>
			<Set Name="Announce">
				<Set Name="1">
					<Setting Name="__SourceName">Channel</Setting>
					<Setting Name="Target">Group</Setting>
					<Setting Name="Txt">Casting Channel</Setting>
				</Set>
				<Set Name="2">
					<Setting Name="__SourceName">Coercive Shout</Setting>
					<Setting Name="Target">Group</Setting>
					<Setting Name="Txt">Coercive Shout on *Target*</Setting>
				</Set>
				<Set Name="3">
					<Setting Name="__SourceName">Coercive Shout</Setting>
					<Setting Name="Target">Raid</Setting>
					<Setting Name="Txt">Coercive Shout on *Target*</Setting>
				</Set>
				<Set Name="4">
					<Setting Name="__SourceName">Intellectual Remedy</Setting>
					<Setting Name="Target">Raid</Setting>
					<Setting Name="Txt">Casting IR!</Setting>
				</Set>
				<Set Name="5">
					<Setting Name="__SourceName">Absorb Magic</Setting>
					<Setting Name="Target">Raid</Setting>
					<Setting Name="Txt">Casting Absorb Magic</Setting>
				</Set>
				<Set Name="6">
					<Setting Name="__SourceName">Absorb Magic</Setting>
					<Setting Name="Target">Group</Setting>
					<Setting Name="Txt">Casting Absorb Magic</Setting>
				</Set>
				<Set Name="7">
					<Setting Name="__SourceName">Fabled Pall of the Elements</Setting>
					<Setting Name="Target">Raid</Setting>
					<Setting Name="Txt">Casting *Ability* on *Target*</Setting>
				</Set>
				<Set Name="8">
					<Setting Name="__IsItem">TRUE</Setting>
					<Setting Name="__ItemName">Scepter of Shadows</Setting>
					<Setting Name="__SourceName">Item:Scepter of Shadows</Setting>
					<Setting Name="Target">Raid</Setting>
					<Setting Name="Txt">Casting Scepter on *Target*</Setting>
				</Set>
				<Set Name="9">
					<Setting Name="__SourceName">Temporal Mimicry</Setting>
					<Setting Name="Target">Group</Setting>
					<Setting Name="Txt">Mimicing</Setting>
				</Set>
				<Set Name="10">
					<Setting Name="__SourceName">Possess Essence</Setting>
					<Setting Name="Target">Execute In Console</Setting>
					<Setting Name="Txt">eq2ex target Mfmystic</Setting>
				</Set>
			</Set>
			<Set Name="Other">
				<Setting Name="checkbox_other_requestconfrontfearviauplink">TRUE</Setting>
				<Setting Name="checkbox_other_curabledisable">TRUE</Setting>
			</Set>
			<Set Name="Debug">
				<Setting Name="checkbox_debug_casting">FALSE</Setting>
			</Set>
			<Set Name="Crowd_Control">
				<Set Name="1">
					<Setting Name="__SourceName">Pure Awe</Setting>
				</Set>
				<Set Name="2">
					<Setting Name="__SourceName">Mesmerize</Setting>
				</Set>
			</Set>
			<Set Name="AutoTarget">
				<Setting Name="slider_autotarget_scanradius">100</Setting>
				<Setting Name="checkbox_autotarget_enabled">FALSE</Setting>
				<Setting Name="slider_autotarget_rescantime">5</Setting>
				<Setting Name="slider_autotarget_scanheight">50</Setting>
				<Setting Name="checkbox_autotarget_outofcombatscanning">FALSE</Setting>
			</Set>
			<Set Name="Load">
				<Setting Name="checkbox_load_ogreircuplink">FALSE</Setting>
				<Setting Name="checkbox_load_radaroff">TRUE</Setting>
				<Setting Name="checkbox_load_ogreirc">TRUE</Setting>
				<Setting Name="checkbox_load_radaron">FALSE</Setting>
			</Set>
			<Set Name="LoadExecute">
				<Set Name="1">
					<Setting Name="__SourceName">eq2execute ics_playercombatautoface 0</Setting>
				</Set>
				<Set Name="2">
					<Setting Name="__SourceName">Eq2execute /r_performance 6</Setting>
				</Set>
			</Set>
			<Set Name="OnZoneExecute">
				<Set Name="1">
					<Setting Name="__SourceName">eq2execute combat_filter 1</Setting>
				</Set>
			</Set>
			<Set Name="EquipmentInfo">
				<Setting Name="combobox_equipmentinfo_charmoption1">Item:Thinker's Terraformed Lamp</Setting>
				<Setting Name="combobox_equipmentinfo_charmoption2">Item:The Price Paid</Setting>
			</Set>
			<Set Name="OgreConsole">
				<Setting Name="textentry_ogreconsole_x">483</Setting>
				<Setting Name="textentry_ogreconsole_y">851</Setting>
				<Setting Name="textentry_ogreconsole_width">632</Setting>
				<Setting Name="textentry_ogreconsole_height">177</Setting>
				<Setting Name="checkbox_ogreconsole_hideonload">TRUE</Setting>
				<Setting Name="checkbox_ogreconsole_neverautoopen">TRUE</Setting>
			</Set>
			<Set Name="Ascension">
				<Setting Name="checkbox_ascension_etherflash_preventport">TRUE</Setting>
				<Setting Name="checkbox_ascension_glacialfreeze_noraidcomboing">TRUE</Setting>
				<Setting Name="checkbox_ascension_glacialfreeze_announce">TRUE</Setting>
				<Setting Name="checkbox_ascension_glacialfreeze_announce_onlyifinraid">TRUE</Setting>
			</Set>
			<Set Name="Coercer">
				<Setting Name="textentry_coercer_irrotationtext" />
			</Set>
			<Set Name="Items">
				<Set Name="1">
					<Setting Name="__SourceName">Behind the Schemes</Setting>
				</Set>
				<Set Name="2">
					<Setting Name="__SourceName">Scepter of Shadows</Setting>
				</Set>
				<Set Name="3">
					<Setting Name="__SourceName">Shadowscream Elixir of Intellect</Setting>
				</Set>
				<Set Name="4">
					<Setting Name="__SourceName">Shadowscream Elixir of Transcendence</Setting>
				</Set>
				<Set Name="5">
					<Setting Name="__SourceName">Shadowscream Scroll of Aptitude</Setting>
				</Set>
				<Set Name="6">
					<Setting Name="__SourceName">Shadowscream Scroll of Pugilism</Setting>
				</Set>
				<Set Name="7">
					<Setting Name="__SourceName">Shadowscream Scroll of Skirmishing</Setting>
				</Set>
				<Set Name="8">
					<Setting Name="__SourceName">The Price Paid</Setting>
				</Set>
				<Set Name="9">
					<Setting Name="__SourceName">Thinker's Terraformed Lamp</Setting>
				</Set>
				<Set Name="10">
					<Setting Name="__SourceName">_EQUIPPED_Head_03</Setting>
				</Set>
				<Set Name="11">
					<Setting Name="__SourceName">_EQUIPPED_Left Charm_21</Setting>
				</Set>
				<Set Name="12">
					<Setting Name="__SourceName">_EQUIPPED_Neck_14</Setting>
				</Set>
				<Set Name="13">
					<Setting Name="__SourceName">_EQUIPPED_Right Charm_22</Setting>
				</Set>
			</Set>
			<Set Name="AbilityResearch">
				<Set Name="1">
					<Setting Name="__SourceName">Shock Wave VII</Setting>
					<Setting Name="Ancient">TRUE</Setting>
				</Set>
				<Set Name="2">
					<Setting Name="__SourceName">Lethal Focus</Setting>
					<Setting Name="Ancient">TRUE</Setting>
				</Set>
				<Set Name="3">
					<Setting Name="__SourceName">Aura of Power</Setting>
					<Setting Name="Ancient">TRUE</Setting>
				</Set>
				<Set Name="4">
					<Setting Name="__SourceName">Puppetmaster V</Setting>
					<Setting Name="Ancient">TRUE</Setting>
				</Set>
				<Set Name="5">
					<Setting Name="__SourceName">Asylum X</Setting>
					<Setting Name="Ancient">TRUE</Setting>
				</Set>
				<Set Name="6">
					<Setting Name="__SourceName">Signet of Intellect X</Setting>
					<Setting Name="Ancient">TRUE</Setting>
				</Set>
				<Set Name="7">
					<Setting Name="__SourceName">Medusa Gaze XI</Setting>
					<Setting Name="Ancient">TRUE</Setting>
				</Set>
				<Set Name="8">
					<Setting Name="__SourceName">Spell Curse VIII</Setting>
					<Setting Name="Ancient">TRUE</Setting>
				</Set>
				<Set Name="9">
					<Setting Name="__SourceName">Ego Shock X</Setting>
					<Setting Name="Ancient">TRUE</Setting>
				</Set>
				<Set Name="10">
					<Setting Name="__SourceName">Hostage IX</Setting>
					<Setting Name="Ancient">TRUE</Setting>
				</Set>
				<Set Name="11">
					<Setting Name="__SourceName">Simple Minds X</Setting>
					<Setting Name="Ancient">TRUE</Setting>
				</Set>
				<Set Name="12">
					<Setting Name="__SourceName">Obliterated Psyche IX</Setting>
					<Setting Name="Ancient">TRUE</Setting>
				</Set>
				<Set Name="13">
					<Setting Name="__SourceName">Power of Mind X</Setting>
					<Setting Name="Ancient">TRUE</Setting>
				</Set>
				<Set Name="14">
					<Setting Name="__SourceName">Mind's Eye VII</Setting>
					<Setting Name="Ancient">TRUE</Setting>
				</Set>
				<Set Name="15">
					<Setting Name="__SourceName">Amnesia IV</Setting>
					<Setting Name="Ancient">TRUE</Setting>
				</Set>
				<Set Name="16">
					<Setting Name="__SourceName">Cannibalize Thoughts VIII</Setting>
					<Setting Name="Ancient">TRUE</Setting>
				</Set>
				<Set Name="17">
					<Setting Name="__SourceName">Breeze IX</Setting>
					<Setting Name="Ancient">TRUE</Setting>
				</Set>
				<Set Name="18">
					<Setting Name="__SourceName">Brainshock XI</Setting>
					<Setting Name="Ancient">TRUE</Setting>
				</Set>
				<Set Name="19">
					<Setting Name="__SourceName">Stupefy VII</Setting>
					<Setting Name="Ancient">TRUE</Setting>
				</Set>
				<Set Name="20">
					<Setting Name="__SourceName">Mana Cloak VII</Setting>
					<Setting Name="Ancient">TRUE</Setting>
				</Set>
				<Set Name="21">
					<Setting Name="__SourceName">Hemorrhage XII</Setting>
					<Setting Name="Ancient">TRUE</Setting>
				</Set>
				<Set Name="22">
					<Setting Name="__SourceName">Charm XI</Setting>
					<Setting Name="Ancient">TRUE</Setting>
				</Set>
				<Set Name="23">
					<Setting Name="__SourceName">Pure Awe VII</Setting>
					<Setting Name="Ancient">TRUE</Setting>
				</Set>
				<Set Name="24">
					<Setting Name="__SourceName">Mesmerize IX</Setting>
					<Setting Name="Ancient">TRUE</Setting>
				</Set>
				<Set Name="25">
					<Setting Name="__SourceName">Forced Hesitation VIII</Setting>
					<Setting Name="Ancient">TRUE</Setting>
				</Set>
				<Set Name="26">
					<Setting Name="__SourceName">Shift Mana X</Setting>
					<Setting Name="Ancient">TRUE</Setting>
				</Set>
			</Set>
			<Set Name="Overseer">
				<Setting Name="checkbox_overseer_threaded">TRUE</Setting>
			</Set>
			<Set Name="ConsumeItems">
				<Set Name="1">
					<Setting Name="__Disabled">TRUE</Setting>
					<Setting Name="__IsItem">TRUE</Setting>
					<Setting Name="__ItemName">Shadowscream Elixir of Intellect</Setting>
					<Setting Name="__SourceName">Item:Shadowscream Elixir of Intellect</Setting>
					<Setting Name="IC">TRUE</Setting>
				</Set>
				<Set Name="2">
					<Setting Name="__IsItem">TRUE</Setting>
					<Setting Name="__ItemName">Shadowscream Elixir of Transcendence</Setting>
					<Setting Name="__SourceName">Item:Shadowscream Elixir of Transcendence</Setting>
					<Setting Name="IC">TRUE</Setting>
				</Set>
				<Set Name="3">
					<Setting Name="__IsItem">TRUE</Setting>
					<Setting Name="__ItemName">Shadowscream Scroll of Aptitude</Setting>
					<Setting Name="__SourceName">Item:Shadowscream Scroll of Aptitude</Setting>
					<Setting Name="IC">TRUE</Setting>
				</Set>
				<Set Name="4">
					<Setting Name="__IsItem">TRUE</Setting>
					<Setting Name="__ItemName">Shadowscream Scroll of Pugilism</Setting>
					<Setting Name="__SourceName">Item:Shadowscream Scroll of Pugilism</Setting>
					<Setting Name="IC">TRUE</Setting>
				</Set>
				<Set Name="5">
					<Setting Name="__IsItem">TRUE</Setting>
					<Setting Name="__ItemName">Shadowscream Scroll of Skirmishing</Setting>
					<Setting Name="__SourceName">Item:Shadowscream Scroll of Skirmishing</Setting>
					<Setting Name="IC">TRUE</Setting>
				</Set>
			</Set>
			<Set Name="Tags_AddNew">
				<Set Name="1">
					<Setting Name="__SourceName">FFUMimic</Setting>
				</Set>
				<Set Name="2">
					<Setting Name="__SourceName">debuff</Setting>
				</Set>
				<Set Name="3">
					<Setting Name="__SourceName">DU chain MIMIC</Setting>
				</Set>
				<Set Name="4">
					<Setting Name="__SourceName">PreCastTag</Setting>
				</Set>
				<Set Name="5">
					<Setting Name="__SourceName">SquadAllow</Setting>
				</Set>
				<Set Name="6">
					<Setting Name="__SourceName">Torment</Setting>
				</Set>
			</Set>
			<Set Name="Tags">
				<Set Name="1">
					<Setting Name="__SourceName">debuff</Setting>
					<Setting Name="Dur">15</Setting>
				</Set>
				<Set Name="2">
					<Setting Name="+">10</Setting>
					<Setting Name="__SourceName">DU chain MIMIC</Setting>
					<Setting Name="IRC">TRUE</Setting>
				</Set>
				<Set Name="3">
					<Setting Name="__SourceName">PreCastTag</Setting>
					<Setting Name="I">TRUE</Setting>
					<Setting Name="Me">TRUE</Setting>
				</Set>
				<Set Name="4">
					<Setting Name="__SourceName">FFUMimic</Setting>
					<Setting Name="I">TRUE</Setting>
					<Setting Name="IRC">TRUE</Setting>
				</Set>
				<Set Name="5">
					<Setting Name="__SourceName">SquadAllow</Setting>
					<Setting Name="Dur">12</Setting>
					<Setting Name="IRC">TRUE</Setting>
				</Set>
				<Set Name="6">
					<Setting Name="__SourceName">Torment</Setting>
					<Setting Name="Dur">10</Setting>
					<Setting Name="Me">TRUE</Setting>
				</Set>
			</Set>
			<Set Name="AbilityTracker">
				<Set Name="1">
					<Setting Name="__SourceName">Coercive Shout</Setting>
				</Set>
				<Set Name="2">
					<Setting Name="__SourceName">Manasoul</Setting>
				</Set>
				<Set Name="3">
					<Setting Name="__SourceName">Absorb Magic</Setting>
				</Set>
				<Set Name="4">
					<Setting Name="__SourceName">Medusa Gaze</Setting>
				</Set>
			</Set>
			<Set Name="HOExcludes">
				<Set Name="1">
					<Setting Name="__SourceName">Posess Essence</Setting>
				</Set>
			</Set>
		</Set>
	</Set>
</InnerSpaceSettings>
